City_ID,City,Country,Date,Lat,Lng,Max Temp,Humidity,Cloudiness,Wind Speed
0,Hilo,US,2021-11-19 21:59:32,19.7297,-155.09,90.28,89,48,1.01
1,Punta Arenas,CL,2021-11-19 21:57:22,-53.15,-70.9167,51.91,62,20,40.29
2,Bengkulu,ID,2021-11-19 21:59:30,-3.8004,102.2655,75.11,88,100,4.29
3,Busselton,AU,2021-11-19 21:59:02,-33.65,115.3333,54.05,77,0,10.31
4,Pevek,RU,2021-11-19 21:59:25,69.7008,170.3133,-5.13,85,56,5.39
5,Chelmno,PL,2021-11-19 22:03:16,53.3485,18.4251,54.45,74,93,22.66
6,Thohoyandou,ZA,2021-11-19 22:03:17,-22.9456,30.485,65.88,75,100,4.43
7,Codrington,AU,2021-11-19 21:59:46,-38.2667,141.9667,54.99,58,70,9.37
8,Ushuaia,AR,2021-11-19 21:57:48,-54.8,-68.3,46.06,57,40,40.29
9,Tasiilaq,GL,2021-11-19 21:59:52,65.6145,-37.6368,14.94,70,99,5.75
10,Ahipara,NZ,2021-11-19 22:00:41,-35.1667,173.1667,65.3,62,100,2.89
11,Pangody,RU,2021-11-19 22:00:21,65.85,74.4859,-14.62,98,49,9.86
12,Kahului,US,2021-11-19 22:00:02,20.8947,-156.47,80.69,73,10,10.85
13,Leningradskiy,RU,2021-11-19 22:00:46,69.3833,178.4167,-3.59,82,87,4.63
14,Bredasdorp,ZA,2021-11-19 21:59:27,-34.5322,20.0403,59.29,85,9,5.66
15,Huarmey,PE,2021-11-19 22:03:18,-10.0681,-78.1522,67.87,79,99,8.77
16,Fortuna,US,2021-11-19 21:59:05,40.5982,-124.1573,57.85,73,90,5.01
17,Miquelon,PM,2021-11-19 22:03:18,47.0975,-56.3814,53.6,90,100,42.01
18,New Norfolk,AU,2021-11-19 21:59:26,-42.7826,147.0587,53.89,74,100,1.57
19,Nuuk,GL,2021-11-19 22:03:19,64.1835,-51.7216,21.81,63,90,14.97
20,Hammerfest,NO,2021-11-19 22:01:55,70.6634,23.6821,36.05,93,75,8.05
21,Mecca,SA,2021-11-19 22:00:02,21.4267,39.8261,74.19,62,0,3.51
22,Poum,NC,2021-11-19 22:03:19,-20.2333,164.0167,77.41,73,1,20.62
23,Rikitea,PF,2021-11-19 21:59:04,-23.1203,-134.9692,73.49,65,4,7.67
24,San Cristobal,VE,2021-11-19 22:01:57,7.7669,-72.225,73.11,74,96,0.74
25,Medvezhyegorsk,RU,2021-11-19 22:03:20,62.9167,34.4667,32.02,88,100,6.35
26,Torbay,CA,2021-11-19 21:57:23,47.6666,-52.7314,53.28,96,90,26.46
27,Namibe,AO,2021-11-19 22:00:45,-15.1961,12.1522,71.83,70,8,8.46
28,Pushchino,RU,2021-11-19 22:03:21,54.8339,37.6264,33.55,97,100,13.94
29,Acapulco,MX,2021-11-19 22:03:08,16.8634,-99.8901,85.82,70,20,9.22
30,Sorong,ID,2021-11-19 22:03:21,-0.8833,131.25,80.37,82,56,6.49
31,Butaritari,KI,2021-11-19 21:59:56,3.0707,172.7902,82.29,73,100,18.86
32,Nishihara,JP,2021-11-19 22:03:22,26.1842,127.7558,70.88,88,20,10.36
33,Port Elizabeth,ZA,2021-11-19 21:59:35,-33.918,25.5701,59.29,82,75,4.61
34,Salalah,OM,2021-11-19 21:59:43,17.0151,54.0924,75.92,50,14,3.94
35,Qaanaaq,GL,2021-11-19 21:59:17,77.484,-69.3632,0.39,69,99,7.31
36,Arraial Do Cabo,BR,2021-11-19 21:59:11,-22.9661,-42.0278,76.86,88,75,10.36
37,Ati,TD,2021-11-19 22:03:22,13.2154,18.3353,83.5,17,0,12.12
38,Puerto Cabezas,NI,2021-11-19 22:00:23,14.0351,-83.3888,77.68,89,100,10.25
39,Hobart,AU,2021-11-19 21:55:30,-42.8794,147.3294,54.23,90,75,8.05
40,Avarua,CK,2021-11-19 21:59:15,-21.2078,-159.775,80.65,74,20,18.41
41,Zedelgem,BE,2021-11-19 22:03:23,51.1262,3.1372,52.9,88,20,1.01
42,Upernavik,GL,2021-11-19 22:00:03,72.7868,-56.1549,9.81,78,78,7.0
43,Xuddur,SO,2021-11-19 22:03:24,4.1213,43.8894,75.2,57,17,11.21
44,Atuona,PF,2021-11-19 21:59:06,-9.8,-139.0333,78.22,74,26,13.02
45,Lake Magdalene,US,2021-11-19 22:03:25,28.0742,-82.4718,78.96,74,75,1.01
46,Breves,BR,2021-11-19 22:03:25,-1.6822,-50.4803,81.3,74,90,2.04
47,Bandarbeyla,SO,2021-11-19 21:59:17,9.4942,50.8122,76.86,75,85,11.01
48,Sao Filipe,CV,2021-11-19 22:01:35,14.8961,-24.4956,78.87,77,100,5.48
49,Chokurdakh,RU,2021-11-19 22:00:24,70.6333,147.9167,-19.16,100,97,1.57
50,Arimalam,IN,2021-11-19 22:03:26,10.2667,78.9,75.45,88,87,2.53
51,Esperance,AU,2021-11-19 21:59:31,-33.8667,121.9,49.84,60,99,6.64
52,Bluff,NZ,2021-11-19 21:57:23,-46.6,168.3333,55.47,87,100,10.02
53,Sechenovo,RU,2021-11-19 22:03:27,55.2244,45.8906,25.95,95,100,8.95
54,Kodiak,US,2021-11-19 21:59:30,57.79,-152.4072,23.97,79,95,7.81
55,Albany,US,2021-11-19 21:59:04,42.6001,-73.9662,38.23,71,43,1.99
56,San Patricio,US,2021-11-19 22:02:14,28.017,-97.5169,71.58,43,0,6.2
57,Saint Anthony,US,2021-11-19 22:03:27,45.0205,-93.218,42.31,50,1,8.01
58,Cayenne,GF,2021-11-19 22:00:07,4.9333,-52.3333,82.09,84,0,1.99
59,Tautira,PF,2021-11-19 22:03:28,-17.7333,-149.15,86.02,71,37,18.32
60,Akyab,MM,2021-11-19 22:03:28,20.15,92.9,74.59,81,39,6.11
61,Hermanus,ZA,2021-11-19 21:59:05,-34.4187,19.2345,62.91,85,2,11.03
62,Sagar,IN,2021-11-19 22:03:29,23.8333,78.7167,65.19,44,81,5.64
63,Brzeg,PL,2021-11-19 21:59:38,50.8608,17.4674,52.23,76,100,19.28
64,Puerto Ayora,EC,2021-11-19 21:59:03,-0.7393,-90.3518,76.96,87,50,8.01
65,Killybegs,IE,2021-11-19 22:03:29,54.6333,-8.45,51.46,80,98,14.63
66,Khatanga,RU,2021-11-19 21:59:18,71.9667,102.5,-23.01,91,35,2.8
67,Sarandi,BR,2021-11-19 22:03:30,-23.4436,-51.8739,73.62,76,19,0.94
68,Kruisfontein,ZA,2021-11-19 22:01:49,-34.0033,24.7314,55.89,81,35,5.32
69,Saint Pete Beach,US,2021-11-19 22:00:11,27.7253,-82.7412,79.11,66,61,1.01
70,East London,ZA,2021-11-19 21:59:14,-33.0153,27.9116,60.69,83,18,5.5
71,Pangai,TO,2021-11-19 22:03:31,-19.8,-174.35,82.51,69,20,4.61
72,Saint-Pierre,RE,2021-11-19 22:03:31,-21.3393,55.4781,74.84,59,0,6.91
73,Mar Del Plata,AR,2021-11-19 21:54:58,-38.0023,-57.5575,60.82,87,0,8.99
74,Port Blair,IN,2021-11-19 22:01:50,11.6667,92.75,80.24,82,97,4.16
75,Qaqortoq,GL,2021-11-19 22:03:32,60.7167,-46.0333,19.9,80,100,11.45
76,Ankpa,NG,2021-11-19 22:03:32,7.3706,7.6253,75.87,77,32,4.94
77,Dortyol,TR,2021-11-19 22:03:32,36.8616,36.2289,56.86,62,100,7.92
78,Roald,NO,2021-11-19 22:03:33,62.5833,6.1333,43.9,81,40,16.11
79,Hofn,IS,2021-11-19 22:03:33,64.2539,-15.2082,37.51,62,26,10.6
80,Vanimo,PG,2021-11-19 22:03:33,-2.6741,141.3028,80.22,84,95,2.08
81,Castro,BR,2021-11-19 21:59:08,-24.7911,-50.0119,63.27,94,60,7.45
82,Plainview,US,2021-11-19 22:03:34,40.7765,-73.4673,45.75,50,1,1.99
83,Katobu,ID,2021-11-19 22:03:34,-4.9408,122.5276,75.67,93,79,2.98
84,Matara,LK,2021-11-19 22:03:35,5.9485,80.5353,77.09,87,97,10.56
85,Thompson,CA,2021-11-19 21:58:43,55.7435,-97.8558,23.16,80,90,9.22
86,Padang,ID,2021-11-19 22:03:35,-0.9492,100.3543,77.45,80,100,3.2
87,Kaeo,NZ,2021-11-19 22:03:35,-35.1,173.7833,68.32,80,100,6.87
88,Cape Town,ZA,2021-11-19 21:59:07,-33.9258,18.4232,63.27,69,0,23.02
89,Mataura,NZ,2021-11-19 21:57:23,-46.1927,168.8643,62.15,58,100,5.66
90,Caravelas,BR,2021-11-19 22:01:07,-17.7125,-39.2481,77.13,85,33,10.87
91,Margate,GB,2021-11-19 22:01:58,51.3813,1.3862,52.3,83,18,7.23
92,Cabedelo,BR,2021-11-19 22:01:42,-6.9811,-34.8339,80.82,72,23,13.82
93,Axim,GH,2021-11-19 22:00:05,4.8699,-2.2405,79.07,85,7,4.18
94,Grand Forks,US,2021-11-19 22:01:39,47.9417,-97.4337,35.53,72,75,8.05
95,San Quintin,MX,2021-11-19 22:00:35,30.4833,-115.95,65.77,74,100,12.77
96,Evensk,RU,2021-11-19 22:03:37,61.95,159.2333,19.62,92,100,18.99
97,Dicabisagan,PH,2021-11-19 22:03:37,17.0818,122.4157,75.9,86,43,9.13
98,Hambantota,LK,2021-11-19 22:01:10,6.1241,81.1185,75.54,100,20,2.3
99,Lebu,CL,2021-11-19 21:59:45,-37.6167,-73.65,56.43,82,6,14.58
100,Airai,TL,2021-11-19 21:59:14,-8.9266,125.4092,63.21,89,89,2.3
101,Ucluelet,CA,2021-11-19 22:03:38,48.9329,-125.5528,46.09,92,14,2.57
102,Krivodol,BG,2021-11-19 22:02:14,43.3744,23.4844,46.89,65,93,3.91
103,Carnarvon,AU,2021-11-19 22:00:10,-24.8667,113.6333,68.2,73,0,12.88
104,Bashmakovo,RU,2021-11-19 22:03:38,53.2133,43.0342,28.22,94,89,8.48
105,Cherskiy,RU,2021-11-19 21:59:19,68.75,161.3,-12.33,96,35,3.74
106,Hithadhoo,MV,2021-11-19 21:59:17,-0.6,73.0833,81.81,78,55,19.46
107,Jawhar,SO,2021-11-19 22:03:39,2.7809,45.5005,75.25,85,5,4.94
108,Sitka,US,2021-11-19 21:55:16,57.0531,-135.33,34.93,74,79,0.56
109,Bahia Blanca,AR,2021-11-19 22:03:03,-38.7196,-62.2724,76.6,30,0,6.08
110,Saint-Philippe,RE,2021-11-19 21:59:24,-21.3585,55.7679,74.75,81,32,12.12
111,Srednekolymsk,RU,2021-11-19 22:03:39,67.45,153.6833,-4.61,99,100,1.41
112,Longyearbyen,SJ,2021-11-19 22:01:12,78.2186,15.6401,10.24,61,20,17.27
113,Avera,US,2021-11-19 22:03:40,33.194,-82.5271,62.26,29,3,7.11
114,Komsomolskiy,UZ,2021-11-19 22:00:20,40.4272,71.7189,29.12,74,0,6.91
115,Kapuskasing,CA,2021-11-19 22:03:40,49.4169,-82.4331,21.13,92,86,2.64
116,Itarema,BR,2021-11-19 22:01:21,-2.9248,-39.9167,81.27,78,12,18.37
117,Saskylakh,RU,2021-11-19 22:01:42,71.9167,114.0833,-19.97,98,80,7.0
118,Dikson,RU,2021-11-19 21:59:35,73.5069,80.5464,-9.63,95,99,1.77
119,Fairbanks,US,2021-11-19 22:00:03,64.8378,-147.7164,-3.77,68,17,1.5
120,Ewa Beach,US,2021-11-19 22:03:41,21.3156,-158.0072,85.95,56,1,16.11
121,Lethem,GY,2021-11-19 22:03:41,3.3803,-59.7968,84.63,59,91,10.6
122,Tigzirt,DZ,2021-11-19 22:03:42,36.8886,4.1198,59.9,71,15,7.99
123,Tarakan,ID,2021-11-19 22:03:42,3.3,117.6333,78.3,94,75,3.44
124,Jalu,LY,2021-11-19 22:03:42,29.0331,21.5482,65.16,42,13,9.62
125,Varkaus,FI,2021-11-19 22:03:43,62.3153,27.873,33.31,79,100,6.82
126,Pushkino,RU,2021-11-19 22:03:43,56.0172,37.8667,36.09,97,100,9.8
127,Georgetown,MY,2021-11-19 21:59:16,5.4112,100.3354,78.73,93,40,1.99
128,Shimoda,JP,2021-11-19 22:03:44,34.6667,138.95,55.11,71,0,11.12
129,Tura,IN,2021-11-19 22:03:44,25.5198,90.2201,61.11,85,6,3.13
130,Omboue,GA,2021-11-19 22:03:44,-1.5746,9.2618,76.8,94,100,7.74
131,Yulara,AU,2021-11-19 22:03:45,-25.2406,130.9889,78.64,47,5,12.66
132,Cidreira,BR,2021-11-19 21:59:25,-30.1811,-50.2056,65.1,68,58,7.0
133,Zhanaozen,KZ,2021-11-19 22:01:19,43.3,52.8,31.44,44,67,12.03
134,Havoysund,NO,2021-11-19 22:00:28,70.9963,24.6622,36.48,98,100,32.03
135,Lompoc,US,2021-11-19 22:00:19,34.6391,-120.4579,72.7,73,79,15.99
136,Tuatapere,NZ,2021-11-19 21:59:24,-46.1333,167.6833,57.18,81,100,6.64
137,Lagoa,PT,2021-11-19 22:00:12,39.05,-27.9833,65.16,74,100,19.66
138,Kandrian,PG,2021-11-19 22:03:46,-6.2167,149.55,75.83,94,100,3.49
139,Severo-Kurilsk,RU,2021-11-19 21:59:23,50.6789,156.125,36.27,95,100,30.49
140,Sabha,LY,2021-11-19 21:59:30,27.0377,14.4283,72.48,29,100,8.84
141,Hemsedal,NO,2021-11-19 22:03:47,60.8629,8.5534,36.23,83,7,9.44
142,Hasaki,JP,2021-11-19 21:59:44,35.7333,140.8333,41.29,69,0,19.82
143,Port Macquarie,AU,2021-11-19 21:59:43,-31.4333,152.9167,78.89,63,81,5.48
144,Vaini,TO,2021-11-19 21:59:22,-21.2,-175.2,82.56,78,20,4.61
145,Kutum,SD,2021-11-19 22:00:29,14.2,24.6667,68.31,25,0,13.65
146,Nikolskoye,RU,2021-11-19 21:59:12,59.7035,30.7861,38.88,99,100,4.52
147,Huilong,CN,2021-11-19 22:03:48,31.8111,121.655,60.04,75,4,8.3
148,Kashkhatau,RU,2021-11-19 22:03:48,43.3185,43.608,40.05,67,96,3.04
149,Constitucion,CL,2021-11-19 22:00:42,-35.3333,-72.4167,60.37,75,21,9.6
150,Biltine,TD,2021-11-19 22:03:48,14.5333,20.9167,78.8,20,0,14.41
151,Tuktoyaktuk,CA,2021-11-19 21:59:36,69.4541,-133.0374,5.0,78,90,12.66
152,Muros,ES,2021-11-19 22:02:00,42.7762,-9.0603,55.9,92,2,6.15
153,Terme,TR,2021-11-19 22:03:49,41.2092,36.9739,53.96,91,100,4.36
154,Klaksvik,FO,2021-11-19 21:59:37,62.2266,-6.589,45.52,77,100,26.64
155,Koutsouras,GR,2021-11-19 22:03:49,35.0339,25.9469,62.11,59,30,23.78
156,Bali Chak,IN,2021-11-19 22:03:50,22.3667,87.55,68.79,62,96,1.12
157,Jamestown,US,2021-11-19 21:59:03,42.097,-79.2353,37.71,76,75,10.0
158,Jinji,CN,2021-11-19 22:03:50,23.2281,110.8261,68.36,86,100,2.8
159,Korla,CN,2021-11-19 22:03:51,41.7597,86.1469,28.62,26,0,11.97
160,Kapaa,US,2021-11-19 21:55:59,22.0752,-159.319,83.12,70,25,1.01
161,Te Anau,NZ,2021-11-19 22:00:35,-45.4167,167.7167,53.13,94,100,5.44
162,Monrovia,LR,2021-11-19 22:01:04,6.3005,-10.7969,76.77,83,53,5.84
163,Yellowknife,CA,2021-11-19 21:59:48,62.456,-114.3525,2.41,91,75,8.01
164,Lasa,IT,2021-11-19 22:02:12,46.6166,10.7002,39.36,60,28,4.85
165,Formosa,AR,2021-11-19 22:01:05,-26.1775,-58.1781,73.4,53,26,5.28
166,Port Alfred,ZA,2021-11-19 21:59:03,-33.5906,26.891,62.08,74,41,3.51
167,Angoche,MZ,2021-11-19 22:03:52,-16.2325,39.9086,75.61,87,0,9.19
168,Tigil,RU,2021-11-19 22:03:52,57.8,158.6667,-2.96,99,82,2.48
169,Lithgow,AU,2021-11-19 22:03:53,-33.4833,150.15,70.09,48,100,8.99
170,Mata,PT,2021-11-19 22:03:53,40.683,-7.4592,53.92,78,57,5.03
171,Katsuura,JP,2021-11-19 21:59:23,35.1333,140.3,51.91,74,0,13.58
172,Bethel,US,2021-11-19 21:58:32,41.3712,-73.414,44.73,54,10,1.99
173,Richards Bay,ZA,2021-11-19 22:03:54,-28.783,32.0377,63.54,76,100,2.3
174,Barrow,US,2021-11-19 21:57:24,71.2906,-156.7887,9.14,94,100,6.35
175,Port Moresby,PG,2021-11-19 22:03:54,-9.4431,147.1797,80.2,80,40,9.93
176,Yaan,NG,2021-11-19 22:03:54,7.3833,8.5667,81.64,64,62,7.58
177,Daman,IN,2021-11-19 22:03:55,20.4167,72.85,79.57,70,95,6.13
178,Bardiyah,LY,2021-11-19 22:01:53,31.7561,25.0865,65.37,67,16,13.87
179,Megion,RU,2021-11-19 22:03:55,61.0296,76.1136,-12.98,98,64,9.01
180,Nanortalik,GL,2021-11-19 22:00:17,60.1432,-45.2371,30.52,69,98,12.55
181,Coquimbo,CL,2021-11-19 22:01:23,-29.9533,-71.3436,59.68,79,28,6.8
182,Vicuna,CL,2021-11-19 22:03:56,-30.0319,-70.7081,51.53,43,0,7.05
183,Metzingen,DE,2021-11-19 22:03:56,48.5369,9.2833,43.79,93,75,3.44
184,Bosaso,SO,2021-11-19 22:03:56,11.2842,49.1816,74.79,65,68,4.65
185,Beringovskiy,RU,2021-11-19 22:03:57,63.05,179.3167,8.24,96,97,11.68
186,Sept-Iles,CA,2021-11-19 22:03:57,50.2001,-66.3821,36.05,75,75,8.99
187,San Pedro,PH,2021-11-19 22:00:26,14.35,121.0167,79.36,88,100,3.69
188,Baltasi,RU,2021-11-19 22:03:57,56.3462,50.2062,29.8,96,100,12.59
189,Svetlyy,RU,2021-11-19 22:03:58,54.675,20.1347,53.65,80,100,32.59
190,Cosala,MX,2021-11-19 22:03:58,24.4125,-106.6908,86.07,27,1,5.46
191,Ostrovnoy,RU,2021-11-19 22:03:58,68.0531,39.5131,25.41,96,99,1.41
192,Novobirilyussy,RU,2021-11-19 22:03:59,56.9514,90.6661,4.44,90,100,8.25
193,Baracoa,CU,2021-11-19 22:03:59,20.3467,-74.4958,79.57,81,69,4.59
194,Batemans Bay,AU,2021-11-19 22:00:17,-35.7167,150.1833,65.19,97,100,7.94
195,La Rioja,ES,2021-11-19 22:04:00,42.25,-2.5,42.04,79,0,6.29
196,Kaitangata,NZ,2021-11-19 21:59:38,-46.2817,169.8464,63.25,52,100,5.68
197,Tahe,CN,2021-11-19 22:04:00,52.3333,124.7333,3.02,96,100,1.99
198,Norman Wells,CA,2021-11-19 21:59:29,65.282,-126.8329,-0.36,85,75,8.05
199,Sao Jose Da Coroa Grande,BR,2021-11-19 21:59:47,-8.8978,-35.1478,79.36,77,15,11.18
200,Hay River,CA,2021-11-19 22:04:01,60.8156,-115.7999,13.35,93,100,12.62
201,Topolobampo,MX,2021-11-19 22:04:01,25.6,-109.05,86.05,50,1,12.66
202,Dzilam Gonzalez,MX,2021-11-19 22:04:01,21.2833,-88.9333,80.67,68,35,8.16
203,Gua Musang,MY,2021-11-19 22:04:02,4.8823,101.9644,73.83,99,100,1.01
204,Khovu-Aksy,RU,2021-11-19 22:04:02,51.1333,93.6,2.61,94,100,5.19
205,Sabang,ID,2021-11-19 22:00:25,5.8933,95.3214,81.16,77,100,9.73
206,Paamiut,GL,2021-11-19 22:04:02,61.994,-49.6678,27.32,62,100,18.54
207,Saint-Augustin,CA,2021-11-19 22:00:47,51.226,-58.6502,36.84,97,100,7.31
208,Ahuimanu,US,2021-11-19 22:02:12,21.4447,-157.8378,84.78,63,45,9.6
209,Borogontsy,RU,2021-11-19 22:04:03,62.6683,131.1683,-18.63,99,98,1.1
210,Booue,GA,2021-11-19 22:04:03,-0.0921,11.9385,71.87,98,87,2.26
211,Aktau,KZ,2021-11-19 22:04:04,43.65,51.2,34.38,45,71,14.18
212,Coruripe,BR,2021-11-19 22:00:38,-10.1256,-36.1756,78.85,78,17,14.07
213,Juba,SS,2021-11-19 22:00:32,4.8517,31.5825,79.52,54,56,3.74
214,Dir,PK,2021-11-19 22:04:04,35.2058,71.8756,45.64,31,0,11.18
215,Guerrero Negro,MX,2021-11-19 21:59:46,27.9769,-114.0611,70.14,65,97,10.69
216,Kyra,RU,2021-11-19 22:04:05,49.5776,111.9753,8.74,90,18,4.76
217,Quzhou,CN,2021-11-19 22:04:05,28.9594,118.8686,56.75,95,99,4.09
218,Cooma,AU,2021-11-19 22:04:05,-36.2333,149.1333,51.57,100,90,8.05
219,Brae,GB,2021-11-19 22:00:49,60.3964,-1.353,49.91,84,100,16.64
220,Magadan,RU,2021-11-19 22:04:06,59.5667,150.8,16.54,79,60,10.76
221,Grand Gaube,MU,2021-11-19 21:59:59,-20.0064,57.6608,75.6,69,13,3.0
222,Shingu,JP,2021-11-19 22:04:06,33.7333,135.9833,51.53,84,0,4.94
223,Fort Nelson,CA,2021-11-19 21:59:50,58.8053,-122.7002,6.39,78,75,5.75
224,Mount Isa,AU,2021-11-19 22:01:25,-20.7333,139.5,82.17,61,0,0.0
225,Nuevo Progreso,MX,2021-11-19 22:04:07,23.1667,-97.95,75.6,62,82,3.0
226,Victoria,HK,2021-11-19 21:57:21,22.2855,114.1577,73.38,88,90,4.0
227,Lisala,CD,2021-11-19 22:04:07,2.15,21.5167,73.47,77,81,2.35
228,Ribeira Grande,PT,2021-11-19 21:59:13,38.5167,-28.7,64.8,82,40,17.27
229,Souillac,MU,2021-11-19 22:00:55,-20.5167,57.5167,75.36,64,73,12.19
230,Ponta Do Sol,PT,2021-11-19 21:57:20,32.6667,-17.1,62.71,63,20,4.76
231,Havre-Saint-Pierre,CA,2021-11-19 22:00:38,50.2334,-63.5986,36.05,80,18,17.16
232,Lorengau,PG,2021-11-19 22:00:37,-2.0226,147.2712,82.65,67,95,0.13
233,Satis,RU,2021-11-19 22:04:08,54.9229,43.2298,30.76,86,100,9.57
234,Chaves,US,2021-11-19 22:04:08,33.3834,-104.4505,70.59,19,1,5.75
235,Isilkul,RU,2021-11-19 22:04:09,54.9109,71.2728,18.9,92,100,15.23
236,Bambous Virieux,MU,2021-11-19 22:00:16,-20.3428,57.7575,75.22,61,56,11.86
237,Plouzane,FR,2021-11-19 22:04:09,48.3833,-4.6167,46.45,93,0,9.22
238,Valparaiso,CL,2021-11-19 22:01:51,-33.0393,-71.6273,63.48,68,48,6.71
239,Andros Town,BS,2021-11-19 22:04:10,24.7,-77.7667,78.76,70,25,11.05
240,Washington,US,2021-11-19 21:59:10,47.5001,-120.5015,41.97,76,71,0.45
241,Clyde River,CA,2021-11-19 22:00:26,70.4692,-68.5914,9.14,92,100,8.68
242,Touros,BR,2021-11-19 22:00:09,-5.1989,-35.4608,80.74,72,46,17.52
243,Iqaluit,CA,2021-11-19 21:59:52,63.7506,-68.5145,24.53,68,90,17.0
244,Cap-Aux-Meules,CA,2021-11-19 22:04:11,47.3821,-61.8597,43.21,76,100,21.12
245,Raybag,IN,2021-11-19 22:04:11,16.4833,74.7833,69.91,96,100,7.4
246,Aasiaat,GL,2021-11-19 22:04:11,68.7098,-52.8699,4.26,81,99,17.69
247,Eenhana,NA,2021-11-19 22:04:12,-17.4667,16.3333,78.48,25,43,2.91
248,Chulman,RU,2021-11-19 22:04:12,56.8479,124.9104,-24.09,100,67,1.59
249,San Juan,AR,2021-11-19 22:04:12,-31.5375,-68.5364,89.55,15,0,8.1
250,Murgab,TM,2021-11-19 22:04:13,37.4966,61.9714,38.95,58,0,10.18
251,Olafsvik,IS,2021-11-19 22:01:02,64.8945,-23.7142,35.78,90,79,20.45
252,Qui Nhon,VN,2021-11-19 22:04:13,13.7667,109.2333,74.3,91,98,7.29
253,Hamilton,US,2021-11-19 21:54:54,39.1834,-84.5333,42.37,53,52,1.01
254,Denpasar,ID,2021-11-19 22:04:14,-8.65,115.2167,80.26,88,75,4.61
255,Eberndorf,AT,2021-11-19 22:04:14,46.5914,14.6436,49.84,74,42,2.37
256,Aginskoye,RU,2021-11-19 22:04:14,51.1,114.53,13.39,96,100,2.04
257,Baijiantan,CN,2021-11-19 22:04:15,45.6333,85.1833,26.83,46,25,12.08
258,Kadipaten,ID,2021-11-19 22:04:15,-8.1357,113.2158,75.33,88,100,2.55
259,Saldanha,ZA,2021-11-19 21:59:37,-33.0117,17.9442,59.05,82,0,20.22
260,Sawtell,AU,2021-11-19 22:04:16,-30.3833,153.1,78.82,61,62,8.05
261,Colesberg,ZA,2021-11-19 22:04:16,-30.72,25.0972,53.94,55,0,13.85
262,Payo,ID,2021-11-19 22:04:17,-3.7508,103.6372,71.47,87,100,2.1
263,Soe,ID,2021-11-19 22:04:17,-9.8607,124.284,70.29,84,100,3.71
264,Chuy,UY,2021-11-19 21:59:09,-33.6971,-53.4616,65.48,65,1,10.29
265,Majene,ID,2021-11-19 22:04:17,-3.5403,118.9707,79.2,83,96,3.04
266,Zary,PL,2021-11-19 22:04:18,51.6421,15.1373,51.12,80,91,10.0
267,Toyooka,JP,2021-11-19 22:04:07,35.5333,134.8333,50.11,87,78,5.23
268,Payson,US,2021-11-19 22:00:01,40.0444,-111.7321,61.0,37,97,4.23
269,Ngaoundere,CM,2021-11-19 22:01:13,7.3167,13.5833,74.1,39,83,2.1
270,Vestmannaeyjar,IS,2021-11-19 21:59:33,63.4427,-20.2734,43.99,69,62,14.85
271,Mount Gambier,AU,2021-11-19 22:00:56,-37.8333,140.7667,54.68,55,43,6.33
272,Mikkeli,FI,2021-11-19 22:04:19,61.6886,27.2723,33.91,100,75,2.3
273,Saint George,US,2021-11-19 22:00:31,37.1041,-113.5841,68.63,23,1,1.01
274,Mezen,RU,2021-11-19 22:04:19,65.8522,44.24,29.93,96,100,12.33
275,Togur,RU,2021-11-19 22:04:20,58.3631,82.8265,-3.57,99,96,5.01
276,Provideniya,RU,2021-11-19 21:59:14,64.3833,-173.3,10.26,81,4,7.58
277,Tahta,EG,2021-11-19 22:04:20,26.7693,31.5021,65.12,50,0,9.62
278,Amga,RU,2021-11-19 22:04:21,60.8953,131.9608,-22.59,100,96,1.12
279,Rio Gallegos,AR,2021-11-19 21:59:49,-51.6226,-69.2181,64.45,29,40,35.68
280,Gorele,TR,2021-11-19 22:04:21,41.0308,39.0031,54.84,90,100,3.69
281,Brunico,IT,2021-11-19 22:04:22,46.7958,11.9364,47.66,69,17,2.55
282,College,US,2021-11-19 22:04:22,64.8569,-147.8028,-3.78,76,1,0.0
283,Kavieng,PG,2021-11-19 22:04:22,-2.5744,150.7967,81.61,75,100,1.9
284,Kushiro,JP,2021-11-19 22:01:09,42.975,144.3747,38.03,69,3,11.54
285,Narsaq,GL,2021-11-19 22:01:05,60.9167,-46.05,19.62,77,100,10.42
286,Lufilufi,WS,2021-11-19 22:04:23,-13.8745,-171.5986,81.88,81,93,14.99
287,Hauterive,FR,2021-11-19 22:04:23,46.0901,3.4459,41.76,81,4,2.28
288,Creston,US,2021-11-19 22:04:23,41.0586,-94.3614,45.84,42,1,17.27
289,Thunder Bay,CA,2021-11-19 21:57:42,48.4001,-89.3168,34.29,69,90,10.36
290,Atbasar,KZ,2021-11-19 22:04:24,51.8,68.3333,13.17,88,88,12.35
291,Dunedin,NZ,2021-11-19 22:00:54,-45.8742,170.5036,61.63,57,100,2.8
292,Shirokiy,RU,2021-11-19 22:04:24,49.758,129.523,-6.54,98,97,2.53
293,Luena,AO,2021-11-19 22:02:04,-11.7833,19.9167,62.11,90,92,1.95
294,Coihaique,CL,2021-11-19 21:56:05,-45.5752,-72.0662,63.21,48,75,10.36
295,Bom Jesus,BR,2021-11-19 22:04:25,-9.0744,-44.3586,82.85,50,58,2.86
296,Klyuchi,RU,2021-11-19 22:04:25,52.2667,79.1667,10.53,70,99,16.73
297,Faanui,PF,2021-11-19 22:00:01,-16.4833,-151.75,80.2,79,12,21.68
298,Kavaratti,IN,2021-11-19 21:59:45,10.5669,72.642,81.55,77,88,18.54
299,Verkhoyansk,RU,2021-11-19 22:04:26,67.5447,133.385,-19.55,99,98,2.44
300,Kanigoro,ID,2021-11-19 21:59:50,-8.13,112.219,73.22,89,100,2.26
301,Tabas,IR,2021-11-19 22:04:26,33.5959,56.9244,45.12,28,0,0.29
302,Yerbogachen,RU,2021-11-19 22:04:27,61.2767,108.0108,-11.09,100,89,3.36
303,Alofi,NU,2021-11-19 22:00:32,-19.0595,-169.9187,79.39,82,3,14.72
304,Flinders,AU,2021-11-19 22:00:58,-34.5833,150.8552,65.8,89,100,1.01
305,Mackay,AU,2021-11-19 22:01:34,-21.15,149.2,80.69,62,2,9.26
306,Gornyak,RU,2021-11-19 22:04:27,50.9942,81.4661,1.15,88,24,13.73
307,Seymchan,RU,2021-11-19 22:04:27,62.8833,152.4333,-1.41,99,100,0.2
308,Los Llanos De Aridane,ES,2021-11-19 22:02:04,28.6585,-17.9182,60.55,68,40,6.91
309,Khani,GE,2021-11-19 22:04:28,41.9563,42.9566,38.77,90,99,0.38
310,Bilibino,RU,2021-11-19 22:01:48,68.0546,166.4372,-21.6,96,11,4.14
311,Abnub,EG,2021-11-19 22:04:28,27.2696,31.1511,64.51,53,0,10.78
312,Vardo,NO,2021-11-19 21:59:52,70.3705,31.1107,34.0,90,100,19.24
313,Pochutla,MX,2021-11-19 22:00:50,15.7432,-96.4661,87.82,54,20,7.05
314,Alamogordo,US,2021-11-19 22:03:51,32.8995,-105.9603,68.59,28,1,6.91
315,Santa Quiteria,BR,2021-11-19 22:03:03,-4.3319,-40.1567,89.76,39,74,8.97
316,Bintulu,MY,2021-11-19 22:04:29,3.1667,113.0333,75.69,92,44,4.52
317,Sao Felix Do Xingu,BR,2021-11-19 22:04:30,-6.6447,-51.995,75.83,87,62,2.68
318,Asau,RO,2021-11-19 21:57:22,46.4333,26.4,45.52,68,100,8.05
319,Zonguldak,TR,2021-11-19 22:04:30,41.25,31.8333,42.28,91,100,2.28
320,Mogadishu,SO,2021-11-19 22:00:35,2.0371,45.3438,79.68,80,13,11.3
321,Tiksi,RU,2021-11-19 21:59:06,71.6872,128.8694,-7.02,94,100,5.77
322,Kawalu,ID,2021-11-19 22:04:31,-7.3817,108.2082,71.22,94,100,1.9
323,Broome,US,2021-11-19 22:04:31,42.2506,-75.833,39.45,72,90,5.01
324,Kaohsiung,TW,2021-11-19 22:00:08,22.6163,120.3133,73.04,92,7,5.68
325,Nowa Deba,PL,2021-11-19 22:01:02,50.4297,21.7508,52.83,81,100,19.51
326,Kajaani,FI,2021-11-19 22:04:32,64.2273,27.7285,33.85,86,90,12.66
327,San Juan Del Sur,NI,2021-11-19 22:04:32,11.2529,-85.8705,80.06,81,58,18.84
328,Atambua,ID,2021-11-19 22:04:32,-9.1061,124.8925,75.88,85,90,2.77
329,Ilulissat,GL,2021-11-19 22:00:09,69.2167,-51.1,-0.9,71,76,9.51
330,Zhaozhou,CN,2021-11-19 22:04:33,45.6833,125.3167,15.08,94,89,3.24
331,Petropavlovsk-Kamchatskiy,RU,2021-11-19 21:59:54,53.0452,158.6483,21.79,74,75,8.95
332,Northam,GB,2021-11-19 22:04:33,51.0333,-4.2167,52.3,95,100,1.21
333,Oga,IT,2021-11-19 22:04:33,46.4631,10.347,31.96,73,36,3.04
334,Udachnyy,RU,2021-11-19 22:04:34,66.4167,112.4,-20.33,100,98,5.1
335,Westport,US,2021-11-19 22:04:26,41.1415,-73.3579,45.95,52,40,1.99
336,Gizo,SB,2021-11-19 22:01:27,-8.103,156.8419,81.82,73,97,7.49
337,Salacgriva,LV,2021-11-19 22:04:34,57.7536,24.3581,49.89,82,92,21.0
338,Husavik,IS,2021-11-19 22:04:35,66.0449,-17.3389,28.62,93,100,3.38
339,Berlevag,NO,2021-11-19 22:01:30,70.8578,29.0864,37.35,87,75,13.8
340,Ramnagar,IN,2021-11-19 22:04:35,29.4,79.1167,59.18,61,0,5.12
341,Cascavel,BR,2021-11-19 22:00:59,-24.9558,-53.4553,66.7,69,0,4.16
342,Najran,SA,2021-11-19 22:04:36,17.4924,44.1277,66.56,63,0,5.7
343,Port Lincoln,AU,2021-11-19 21:55:55,-34.7333,135.8667,57.61,69,100,13.35
344,Mariental,NA,2021-11-19 22:04:36,-24.6333,17.9667,73.78,11,2,8.68
345,Mounana,GA,2021-11-19 22:04:36,-1.4085,13.1586,69.3,97,77,2.19
346,Murray Bridge,AU,2021-11-19 22:04:37,-35.1167,139.2667,56.46,70,100,10.45
347,Wiarton,CA,2021-11-19 22:04:37,44.7407,-81.1332,37.96,68,39,8.66
348,Bjornevatn,NO,2021-11-19 22:04:37,69.6672,29.9847,33.42,100,90,2.3
349,Kashirskoye,RU,2021-11-19 22:04:38,51.4194,39.6125,34.02,82,100,11.61
350,Morro Bay,US,2021-11-19 22:04:38,35.3658,-120.8499,71.74,73,90,4.0
351,Policarpa,CO,2021-11-19 22:04:38,1.6323,-77.462,69.96,89,90,3.87
352,Ust-Ilimsk,RU,2021-11-19 22:04:39,58.0006,102.6619,10.47,93,99,2.93
353,Balabac,PH,2021-11-19 22:04:39,7.9868,117.0645,80.2,80,85,2.93
354,Gat,IL,2021-11-19 22:04:39,31.61,34.7642,63.39,73,22,7.0
355,Luanda,AO,2021-11-19 21:57:33,-8.8368,13.2343,78.1,85,68,10.96
356,Pundaguitan,PH,2021-11-19 22:04:40,6.3711,126.1689,82.83,73,97,2.86
357,Mareeba,AU,2021-11-19 22:00:36,-17.0,145.4333,79.32,81,3,8.12
358,Kamenka,RU,2021-11-19 22:04:40,51.3223,42.7678,30.74,95,94,6.62
359,Necochea,AR,2021-11-19 22:01:17,-38.5473,-58.7368,61.03,59,2,10.65
360,Thinadhoo,MV,2021-11-19 22:04:41,0.5333,72.9333,82.29,76,100,19.15
361,Senador Jose Porfirio,BR,2021-11-19 22:04:41,-2.5908,-51.9542,81.79,70,99,1.48
362,Zhangye,CN,2021-11-19 22:04:42,38.9342,100.4517,28.98,35,97,13.89
363,Soloneshnoye,RU,2021-11-19 22:04:42,51.6544,84.3197,2.79,78,84,6.6
364,Ancud,CL,2021-11-19 22:01:39,-41.8697,-73.8203,58.91,74,13,2.15
365,Anderson,US,2021-11-19 22:04:42,34.5334,-82.6499,58.08,33,1,1.01
366,Augusto Correa,BR,2021-11-19 22:04:43,-1.0217,-46.635,78.21,89,43,4.61
367,Asfi,MA,2021-11-19 22:04:43,32.2994,-9.2372,63.34,71,68,7.29
368,Buncrana,IE,2021-11-19 22:04:43,55.1333,-7.45,52.27,82,54,9.69
369,Noyabrsk,RU,2021-11-19 22:04:44,63.1994,75.4507,-17.95,98,40,10.8
370,Naantali,FI,2021-11-19 22:04:44,60.4674,22.0243,42.12,87,90,10.36
371,Urusha,RU,2021-11-19 22:04:44,54.05,122.9,1.15,95,98,2.3
372,Lakes Entrance,AU,2021-11-19 22:04:45,-37.8811,147.981,57.16,91,100,2.51
373,Geraldton,AU,2021-11-19 22:00:51,-28.7667,114.6,61.12,72,0,4.61
374,Saint-Georges,GD,2021-11-19 22:01:00,12.0564,-61.7485,79.86,79,79,9.57
375,Dingle,PH,2021-11-19 22:00:42,10.9995,122.6711,75.43,92,59,1.36
376,Kasongo-Lunda,CD,2021-11-19 22:04:45,-6.4667,16.8167,68.32,91,90,1.1
377,Isangel,VU,2021-11-19 22:00:23,-19.55,169.2667,70.41,88,100,4.41
378,Sorland,NO,2021-11-19 22:04:46,67.667,12.6934,41.07,67,100,28.12
379,Mazagao,BR,2021-11-19 22:03:55,-0.115,-51.2894,87.85,65,79,6.53
380,Oktyabrskoye,RU,2021-11-19 22:01:26,43.0645,44.7417,32.14,93,94,6.71
381,Acarau,BR,2021-11-19 22:00:03,-2.8856,-40.12,81.48,79,22,20.04
382,Maceio,BR,2021-11-19 22:04:46,-9.6658,-35.7353,78.24,83,20,6.91
383,San Clemente,US,2021-11-19 22:04:47,33.427,-117.612,77.32,76,100,1.99
384,Kysyl-Syr,RU,2021-11-19 22:00:14,63.8986,122.7617,-27.04,100,21,1.54
385,Buala,SB,2021-11-19 22:01:22,-8.145,159.5921,84.16,66,81,1.54
386,Lata,PT,2021-11-19 22:01:59,40.1629,-8.3327,58.82,71,27,7.29
387,Belmonte,BR,2021-11-19 22:00:18,-15.8631,-38.8828,79.3,86,35,10.29
388,Pecos,US,2021-11-19 22:04:47,31.4229,-103.4932,71.31,28,1,4.61
389,Pittsburg,US,2021-11-19 22:03:21,38.028,-121.8847,65.21,84,90,4.0
390,Samarai,PG,2021-11-19 22:00:28,-10.6167,150.6667,81.61,80,19,13.18
391,Mokrousovo,RU,2021-11-19 22:04:48,55.8103,66.7653,22.91,93,100,14.85
392,Aparecida,BR,2021-11-19 22:04:48,-22.8469,-45.2297,72.1,98,100,5.37
393,Sinnamary,GF,2021-11-19 22:04:49,5.3833,-52.95,79.05,85,81,7.0
394,Batagay,RU,2021-11-19 22:04:49,67.6333,134.6333,-14.93,100,99,0.83
395,Adrar,MR,2021-11-19 22:00:31,20.5022,-10.0711,76.3,25,74,9.46
396,Zhigansk,RU,2021-11-19 22:04:49,66.7697,123.3711,-18.6,98,100,6.71
397,Kampong Thum,KH,2021-11-19 22:04:50,12.7111,104.8887,74.26,93,77,4.38
398,Rocha,UY,2021-11-19 22:04:50,-34.4833,-54.3333,69.21,65,56,4.36
399,Turukhansk,RU,2021-11-19 22:00:31,65.8167,87.9833,-15.45,90,66,7.02
400,Vao,NC,2021-11-19 22:00:40,-22.6667,167.4833,72.55,79,100,12.95
401,Aksu,CN,2021-11-19 22:04:51,41.1231,80.2644,30.31,42,0,2.75
402,Plettenberg Bay,ZA,2021-11-19 22:04:51,-34.0527,23.3716,56.8,79,0,4.5
403,Yeppoon,AU,2021-11-19 22:01:21,-23.1333,150.7333,74.98,61,2,8.88
404,Sisimiut,GL,2021-11-19 22:04:52,66.9395,-53.6735,15.28,65,100,15.99
405,Alibag,IN,2021-11-19 22:04:52,18.6411,72.8792,82.47,82,72,4.21
406,Vegreville,CA,2021-11-19 22:04:52,53.5001,-112.0518,28.38,85,60,6.46
407,Serenje,ZM,2021-11-19 22:04:53,-13.2325,30.2352,70.77,45,83,2.24
408,Laguna,US,2021-11-19 22:01:49,38.421,-121.4238,67.24,79,90,1.99
409,Buraydah,SA,2021-11-19 22:00:43,26.326,43.975,67.41,37,45,3.49
410,Bathsheba,BB,2021-11-19 21:59:20,13.2167,-59.5167,81.21,69,20,11.5
411,Acari,PE,2021-11-19 22:04:53,-15.4311,-74.6158,71.62,67,100,7.92
412,Tatarsk,RU,2021-11-19 22:04:54,55.219,75.9828,16.59,94,100,13.24
413,Coxim,BR,2021-11-19 22:00:37,-18.5067,-54.76,71.65,94,100,1.12
414,Pietersburg,ZA,2021-11-19 22:04:54,-23.9045,29.4688,52.2,83,95,14.29
415,Longhua,CN,2021-11-19 22:04:54,23.6137,114.1919,63.52,90,37,1.81
416,Olinda,BR,2021-11-19 21:59:15,-8.0089,-34.8553,82.13,69,40,9.22
417,Port Augusta,AU,2021-11-19 21:59:55,-32.5,137.7667,64.71,86,100,10.94
418,Susuman,RU,2021-11-19 22:01:44,62.7833,148.1667,-16.46,100,100,0.36
419,Hailar,CN,2021-11-19 22:04:55,49.2,119.7,17.62,91,100,1.9
420,Drabiv,UA,2021-11-19 22:04:56,49.963,32.1529,42.53,95,100,11.52
421,Pak Phanang,TH,2021-11-19 22:04:56,8.3511,100.202,77.72,88,98,4.83
422,Panorama,GR,2021-11-19 22:04:56,40.5878,23.0315,48.96,56,20,1.01
423,Englehart,CA,2021-11-19 22:04:57,47.8169,-79.8664,25.38,81,54,3.83
424,Stoholm,DK,2021-11-19 22:04:57,56.4845,9.1462,50.9,88,30,16.33
425,Inirida,CO,2021-11-19 22:04:57,3.8653,-67.9239,77.5,92,95,0.31
426,Eirunepe,BR,2021-11-19 22:04:58,-6.6603,-69.8736,76.86,87,100,2.37
427,Henties Bay,NA,2021-11-19 21:59:25,-22.116,14.2845,58.86,94,14,5.08
428,Toora-Khem,RU,2021-11-19 22:04:58,52.4675,96.11,3.49,72,100,10.65
429,Tibati,CM,2021-11-19 22:04:58,6.4667,12.6333,78.33,45,88,1.23
430,Sakakah,SA,2021-11-19 22:00:39,29.9697,40.2064,60.42,40,10,5.79
431,Hobyo,SO,2021-11-19 22:00:17,5.3505,48.5268,78.94,66,63,10.04
432,Revuca,SK,2021-11-19 22:04:59,48.6835,20.1173,50.86,93,95,2.19
433,Tornio,FI,2021-11-19 22:04:59,65.8481,24.1466,14.02,83,42,6.2
434,Lvovskoye,RU,2021-11-19 22:05:00,44.9944,38.6354,41.99,100,100,6.17
435,Dwarka,IN,2021-11-19 22:00:53,22.2394,68.9678,77.81,78,84,9.62
436,Kumano,JP,2021-11-19 22:05:00,34.3442,132.5894,51.17,79,0,6.64
437,Pisco,PE,2021-11-19 22:01:11,-13.7,-76.2167,67.01,87,85,7.9
438,Tyret Pervaya,RU,2021-11-19 22:05:00,53.6703,102.3106,9.75,94,100,3.71
439,Nome,US,2021-11-19 21:59:07,64.5011,-165.4064,6.12,68,4,4.54
440,Jumla,NP,2021-11-19 22:05:01,29.2747,82.1838,43.63,45,81,3.53
441,Picayune,US,2021-11-19 22:00:02,30.5255,-89.6795,67.78,49,1,5.39
442,Lahaina,US,2021-11-19 22:03:32,20.8783,-156.6825,87.8,70,13,6.17
443,La Ronge,CA,2021-11-19 22:01:24,55.1001,-105.2842,26.47,86,99,11.54
444,Verkh-Chebula,RU,2021-11-19 22:03:27,56.0308,87.6218,3.65,84,100,14.32
445,Viedma,AR,2021-11-19 22:05:02,-40.8135,-62.9967,79.32,29,0,10.8
446,Narrabri,AU,2021-11-19 22:05:02,-30.3167,149.7833,76.51,63,65,5.01
447,Gravdal,NO,2021-11-19 22:05:03,68.1214,13.5031,40.89,81,40,25.32
448,Phan Thiet,VN,2021-11-19 22:05:03,10.9333,108.1,76.53,88,96,3.91
449,Panguna,PG,2021-11-19 22:05:03,-6.3164,155.4848,70.59,89,100,0.58
450,Waingapu,ID,2021-11-19 22:00:12,-9.6567,120.2641,80.8,82,99,6.33
451,Fershampenuaz,RU,2021-11-19 22:05:04,53.5202,59.8117,21.33,91,100,16.24
452,Araouane,ML,2021-11-19 22:05:04,18.9048,-3.5265,78.24,22,100,13.11
453,Teguldet,RU,2021-11-19 22:05:05,57.3064,88.1667,4.08,91,100,8.28
454,Karratha,AU,2021-11-19 22:02:11,-20.7377,116.8463,80.17,50,45,3.33
455,Atar,MR,2021-11-19 22:02:08,20.5169,-13.0499,77.49,41,95,6.51
456,Waddan,LY,2021-11-19 22:05:05,29.1614,16.139,67.71,67,98,12.33
457,Pital,CO,2021-11-19 22:05:06,2.2665,-75.8044,77.0,75,65,0.94
458,Ust-Koksa,RU,2021-11-19 22:05:06,50.2696,85.6108,-14.28,95,41,0.96
459,Kieta,PG,2021-11-19 22:00:18,-6.2167,155.6333,78.85,77,100,4.03
460,Luleburgaz,TR,2021-11-19 22:05:07,41.4039,27.3592,38.57,66,90,3.94
461,Taoudenni,ML,2021-11-19 22:01:18,22.6783,-3.9836,76.95,24,27,9.57
462,Grindavik,IS,2021-11-19 22:01:28,63.8424,-22.4338,39.67,87,75,11.5
463,Hami,CN,2021-11-19 21:59:21,42.8,93.45,31.59,56,100,11.99
464,Rosetta,EG,2021-11-19 22:05:08,31.4044,30.4164,66.76,68,90,10.94
465,Tawau,MY,2021-11-19 22:05:08,4.2498,117.8871,78.15,87,96,3.2
466,At-Bashi,KG,2021-11-19 22:05:08,41.1702,75.8106,12.51,39,0,1.9
467,Krasnyy Luch,UA,2021-11-19 22:05:09,48.1395,38.9371,34.79,92,100,5.93
468,Kurilsk,RU,2021-11-19 22:05:09,45.2333,147.8833,38.82,82,97,33.64
469,Morant Bay,JM,2021-11-19 22:05:09,17.8815,-76.4093,85.62,73,94,8.72
470,Marzuq,YE,2021-11-19 22:05:10,14.4,46.4667,67.28,46,45,1.99
471,Saravan,AM,2021-11-19 22:05:10,39.7196,45.6483,20.05,50,31,3.98
472,Maniitsoq,GL,2021-11-19 22:05:10,65.4167,-52.9,21.96,53,100,14.74
473,Beloha,MG,2021-11-19 22:05:11,-25.1667,45.05,72.46,78,57,3.42
474,Kidal,ML,2021-11-19 22:01:58,18.4411,1.4078,78.37,15,46,10.87
475,Umm Lajj,SA,2021-11-19 21:59:18,25.0213,37.2685,75.7,58,0,8.39
476,Anju,KP,2021-11-19 22:05:11,39.6178,125.6647,38.34,61,100,2.53
477,Quelimane,MZ,2021-11-19 22:01:56,-17.8786,36.8883,79.52,83,92,2.42
478,Arkhangelsk,RU,2021-11-19 22:05:12,64.5401,40.5433,30.31,93,90,8.95
479,Nouadhibou,MR,2021-11-19 22:00:23,20.931,-17.0347,68.63,75,77,14.58
480,Cape Girardeau,US,2021-11-19 22:01:14,37.3834,-89.7168,46.09,48,87,1.01
481,Campeche,MX,2021-11-19 22:04:29,19.0,-90.5,76.55,95,91,2.51
482,Juneau,US,2021-11-19 22:05:12,58.3019,-134.4197,28.45,91,90,6.91
483,Sibu,MY,2021-11-19 22:01:36,2.3,111.8167,72.57,99,65,2.17
484,Carballo,ES,2021-11-19 22:05:13,43.213,-8.691,54.82,73,15,4.23
485,Sayyan,YE,2021-11-19 22:05:13,15.1718,44.3244,53.1,74,38,2.39
486,Alice Springs,AU,2021-11-19 21:59:06,-23.7,133.8833,74.75,33,0,0.0
487,Oriximina,BR,2021-11-19 22:05:14,-1.7656,-55.8661,82.99,67,94,0.76
488,Meulaboh,ID,2021-11-19 22:00:21,4.1363,96.1285,75.7,86,98,3.49
489,Yatou,CN,2021-11-19 22:00:55,37.15,122.3833,45.54,67,69,2.93
490,Miri,MY,2021-11-19 22:05:14,4.4148,114.0089,75.81,93,88,6.55
491,Port Hawkesbury,CA,2021-11-19 22:05:15,45.6169,-61.3485,45.59,95,90,10.0
492,Aljezur,PT,2021-11-19 22:05:15,37.3191,-8.8033,63.05,71,99,15.01
493,Sardinata,CO,2021-11-19 22:05:15,8.0829,-72.8007,82.08,90,78,0.94
494,Slavonice,CZ,2021-11-19 22:05:16,48.9975,15.3515,45.75,89,99,15.97
495,Kosh-Agach,RU,2021-11-19 22:05:16,50.0,88.6667,-4.38,67,94,3.11
496,Noumea,NC,2021-11-19 22:05:16,-22.2763,166.4572,78.01,99,82,8.75
497,Sur,OM,2021-11-19 21:59:47,22.5667,59.5289,73.67,61,0,5.91
498,Great Falls,US,2021-11-19 22:05:17,47.5002,-111.3008,51.42,47,20,7.0
499,Mugur-Aksy,RU,2021-11-19 22:05:17,50.35,90.5,-16.47,83,5,8.77
500,Cockburn Town,TC,2021-11-19 22:00:47,21.4612,-71.1419,81.32,77,45,17.2
501,Chatra,IN,2021-11-19 22:05:18,24.2167,84.8667,60.62,69,14,2.44
502,Mahebourg,MU,2021-11-19 21:59:34,-20.4081,57.7,75.49,69,20,8.05
503,Manado,ID,2021-11-19 22:05:19,1.487,124.8455,75.97,94,20,1.14
504,Mukhen,RU,2021-11-19 22:01:05,48.1,136.1,16.95,91,97,2.98
505,Cankuzo,BI,2021-11-19 22:05:19,-3.1333,30.5833,57.97,89,83,3.51
506,Lahij,YE,2021-11-19 22:05:20,13.1667,44.5833,74.14,57,12,2.59
507,Baculin,PH,2021-11-19 22:05:20,7.4525,126.5842,77.88,86,67,3.89
508,Cassia,BR,2021-11-19 22:05:20,-20.5831,-46.9219,68.18,96,96,1.79
509,Paita,PE,2021-11-19 22:05:21,-5.0892,-81.1144,72.16,82,100,15.37
510,Talca,CL,2021-11-19 22:05:17,-35.4333,-71.6667,83.91,28,0,12.86
511,El Limon,VE,2021-11-19 22:05:21,10.3059,-67.6321,75.25,79,87,5.84
512,Tessalit,ML,2021-11-19 21:59:08,20.1986,1.0114,75.15,14,100,11.72
513,Ossora,RU,2021-11-19 22:05:22,59.2353,163.0719,31.44,81,100,14.63
514,Zyryanka,RU,2021-11-19 22:05:22,65.75,150.85,-6.52,95,100,6.98
515,Weyburn,CA,2021-11-19 22:04:56,49.6668,-103.8511,29.17,73,83,9.04
516,Russell,US,2021-11-19 22:01:32,32.3502,-85.1999,63.63,40,16,4.65
517,Pavlodar,KZ,2021-11-19 22:05:23,52.3,76.95,10.2,72,0,11.18
518,Baghdad,IQ,2021-11-19 22:01:07,33.3406,44.4009,63.07,31,0,1.23
519,Lamar,US,2021-11-19 22:05:23,33.6668,-95.5836,60.46,27,1,9.22
520,Ipixuna,BR,2021-11-19 22:02:13,-1.7625,-48.8043,78.75,91,93,4.0
521,Sao Joao Da Barra,BR,2021-11-19 22:05:24,-21.6403,-41.0511,72.77,97,100,9.95
522,Hermiston,US,2021-11-19 22:04:52,45.8404,-119.2895,44.4,86,90,0.0
523,Rabo De Peixe,PT,2021-11-19 22:05:24,37.8,-25.5833,65.28,95,75,6.91
524,Guarapari,BR,2021-11-19 22:05:25,-20.6667,-40.4975,78.69,96,100,9.1
525,Charters Towers,AU,2021-11-19 22:05:25,-20.1,146.2667,75.31,58,6,12.55
526,Custoias,PT,2021-11-19 22:05:26,41.1053,-7.321,45.23,76,76,4.18
527,Barcelos,PT,2021-11-19 21:55:05,41.5388,-8.6151,60.94,63,98,7.0
528,Sawakin,SD,2021-11-19 22:05:26,19.1059,37.3321,79.66,70,29,6.15
529,Port Antonio,JM,2021-11-19 22:05:26,18.18,-76.4612,85.91,73,96,5.32
530,Oksfjord,NO,2021-11-19 22:05:27,70.2396,22.3479,36.52,99,100,7.43
531,Nantucket,US,2021-11-19 22:04:28,41.2835,-70.0995,46.51,51,40,19.57
532,Polewali,ID,2021-11-19 22:05:27,-3.4324,119.3435,77.72,86,95,2.84
533,Svetlogorsk,BY,2021-11-19 21:59:32,52.6333,29.7333,45.52,97,100,15.3
534,Kardamaina,GR,2021-11-19 22:05:28,36.7814,27.1425,58.48,67,20,20.71
535,Dudinka,RU,2021-11-19 22:00:57,69.4058,86.1778,-7.28,92,94,17.83
536,Gimli,CA,2021-11-19 22:05:28,50.6336,-96.9907,25.43,87,83,11.27
537,Neiafu,TO,2021-11-19 22:05:29,-18.65,-173.9833,84.88,74,40,5.75
538,Eureka,US,2021-11-19 22:03:10,40.8021,-124.1637,57.67,76,49,7.0
539,Paignton,GB,2021-11-19 22:05:29,50.4357,-3.5679,53.37,91,100,1.01
540,Kloulklubed,PW,2021-11-19 21:59:32,7.0419,134.2556,77.5,74,15,9.31
541,Greenwood,US,2021-11-19 22:04:37,34.1668,-82.1165,57.97,33,1,4.61
542,Naze,JP,2021-11-19 21:59:58,28.3667,129.4833,68.92,80,33,10.2
543,Sirjan,IR,2021-11-19 22:05:30,29.452,55.6814,51.89,53,31,3.11
544,Port Keats,AU,2021-11-19 22:05:30,-14.25,129.55,84.67,73,42,8.32
545,Kuytun,RU,2021-11-19 22:05:31,54.3419,101.5036,12.6,95,100,5.32
546,Eyl,SO,2021-11-19 22:05:31,7.9803,49.8164,76.01,73,72,10.27
547,Cervo,ES,2021-11-19 22:05:31,43.6702,-7.4101,50.97,72,2,5.5
548,Ardesen,TR,2021-11-19 22:05:32,41.1911,40.9875,51.76,74,65,3.33
549,Yegorlykskaya,RU,2021-11-19 22:05:32,46.5656,40.6562,36.32,100,100,6.64
550,Abha,SA,2021-11-19 22:05:32,18.2164,42.5053,57.45,72,0,9.22
551,Zabaykalsk,RU,2021-11-19 22:05:33,49.6333,117.3167,17.78,95,99,1.34
552,Banjar,ID,2021-11-19 22:05:33,-8.19,114.9675,80.46,88,100,3.15
553,Decatur,US,2021-11-19 22:05:09,39.8403,-88.9548,42.75,65,1,9.22
554,Ruteng,ID,2021-11-19 22:05:34,-8.6136,120.4721,63.88,88,100,1.14
555,Nemuro,JP,2021-11-19 22:05:34,43.3236,145.575,39.88,77,41,25.88
556,Montevideo,UY,2021-11-19 22:04:13,-34.8335,-56.1674,70.83,73,0,10.36
557,Haines Junction,CA,2021-11-19 22:05:34,60.7522,-137.5108,-4.59,82,18,1.97
558,Taga,RO,2021-11-19 22:05:35,46.95,24.05,39.31,93,100,2.04
559,Zalegoshch,RU,2021-11-19 22:05:35,52.9008,36.8869,34.16,97,100,16.17
560,Nicoya,CR,2021-11-19 22:05:35,10.1483,-85.452,83.75,82,58,4.88
561,Umea,SE,2021-11-19 22:05:36,63.8284,20.2597,33.73,86,0,12.66
562,Spirit River,CA,2021-11-19 22:05:36,55.7833,-118.8361,24.75,75,86,10.6
563,Sampit,ID,2021-11-19 22:05:36,-2.5333,112.95,73.29,98,100,2.17
564,Mana,GF,2021-11-19 22:00:20,5.6592,-53.7767,78.75,86,100,6.82
565,Phaltan,IN,2021-11-19 22:05:37,17.9833,74.4333,71.76,91,99,5.66
566,Kasongo,CD,2021-11-19 22:05:37,-4.45,26.6667,67.84,92,98,3.11
567,Santa Lucia,ES,2021-11-19 22:05:37,27.9117,-15.5407,57.76,73,20,5.75
568,Sao Gabriel Da Cachoeira,BR,2021-11-19 22:00:32,-0.1303,-67.0892,77.25,85,86,0.51
569,Zhaotong,CN,2021-11-19 22:05:38,27.3167,103.7167,44.35,95,100,3.78
570,Mehamn,NO,2021-11-19 21:59:19,71.0357,27.8492,37.31,99,100,18.37
571,Outjo,NA,2021-11-19 22:05:38,-20.1167,16.15,70.45,21,1,12.39
572,Yeniseysk,RU,2021-11-19 22:05:39,58.4497,92.1703,4.37,92,100,5.5
573,Baruun-Urt,MN,2021-11-19 22:05:39,46.6806,113.2792,14.86,49,23,4.5
574,Pingxiang,CN,2021-11-19 22:05:39,27.6167,113.85,58.71,85,89,3.78
